                  epoch,         train/box_loss,         train/cls_loss,         train/dfl_loss,   metrics/precision(B),      metrics/recall(B),       metrics/mAP50(B),    metrics/mAP50-95(B),           val/box_loss,           val/cls_loss,           val/dfl_loss,                 lr/pg0,                 lr/pg1,                 lr/pg2
                      0,                 1.7389,                  3.314,                 1.6743,                      0,                      0,                      0,                      0,                    nan,                    nan,                    nan,              5.716e-05,              5.716e-05,              5.716e-05
                      1,                 1.9105,                  3.272,                 1.7865,                      0,                      0,                      0,                      0,                    nan,                    nan,                    nan,             0.00010315,             0.00010315,             0.00010315
                      2,                 1.6753,                 2.9821,                 1.7265,                      0,                      0,                      0,                      0,                    nan,                    nan,                    nan,             0.00012084,             0.00012084,             0.00012084
                      3,                 1.5809,                 2.7229,                 1.6077,                      0,                      0,                      0,                      0,                    nan,                    nan,                    nan,             0.00011023,             0.00011023,             0.00011023
                      4,                 1.6491,                 2.6588,                 1.6003,                      0,                      0,                      0,                      0,                    nan,                    nan,                    nan,             7.1336e-05,             7.1336e-05,             7.1336e-05
